{"version":16,"data":{"renderViewState":{"leftEdgeTimeSec":0,"timeSecPerPixel":0.0005379240506329114,"navigationViewMode":"Timeline"},"captureProgress":{"maxCollectedTime":1.27488,"processedInterval":{"begin":0,"end":1.27488},"memoryUsedMb":0,"isProcessing":false},"captureStartTime":{"unixTimeMilliseconds":1744193539079,"fractionalMilliseconds":0.487},"timingMarkers":{"markers":{},"pairs":{}},"measurements":[],"highLevelAnalyzers":[],"analyzers":[],"rowsSettings":[{"id":"dfc3c716-4080-45ce-adfb-0d4615083110","height":100,"isMarkedHidden":false,"type":"channel","name":"Channel 0","channel":{"category":"legacy","type":"Digital","deviceChannel":0}},{"id":"9a8f20bf-5162-463a-90bb-b9f1aae1d202","height":100,"isMarkedHidden":false,"type":"channel","name":"Channel 1","channel":{"category":"legacy","type":"Digital","deviceChannel":1}},{"id":"241733da-bd03-4bb8-b4ab-29f9776f5a27","height":100,"isMarkedHidden":false,"type":"channel","name":"Channel 2","channel":{"category":"legacy","type":"Digital","deviceChannel":2}},{"id":"0c1be772-a48b-48d1-96a9-f15df6feca54","height":100,"isMarkedHidden":false,"type":"channel","name":"Channel 3","channel":{"category":"legacy","type":"Digital","deviceChannel":3}},{"id":"10083ac9-2fa0-4096-94fc-4e1689f09129","height":100,"isMarkedHidden":false,"type":"channel","name":"Channel 4","channel":{"category":"legacy","type":"Digital","deviceChannel":4}},{"id":"db46ef93-5faa-498c-a408-56b49ca9751e","height":100,"isMarkedHidden":false,"type":"channel","name":"Channel 5","channel":{"category":"legacy","type":"Digital","deviceChannel":5}},{"id":"2f3f404d-4c30-4aa0-925d-a21b09de5dac","height":100,"isMarkedHidden":false,"type":"channel","name":"Channel 6","channel":{"category":"legacy","type":"Digital","deviceChannel":6}},{"id":"d26f5c2e-26e5-40be-aa92-046d6b9d758d","height":100,"isMarkedHidden":false,"type":"channel","name":"Channel 7","channel":{"category":"legacy","type":"Digital","deviceChannel":7}}],"captureSettings":{"bufferSizeMb":6144,"captureMode":"Circular","stopAfterSeconds":100,"trimAfterCapture":false,"trimTimeSeconds":5,"digitalTriggerSettings":{"type":{"mode":"Edge","name":"Rising","pattern":"Rising"},"timeAfterTriggerToStop":1,"linkedChannels":[],"duration":{"min":0.001,"max":0.01},"selectedChannel":{"category":"legacy","type":"Digital","deviceChannel":0}},"glitchFilter":{"enabled":false,"channels":[]},"connectedDevice":{"name":"Logic","deviceId":"11809050163536538749","deviceType":"Logic","isSimulation":false,"capabilities":{"channelCapabilities":[{"type":"Digital","index":0,"capability":"AlwaysEnabled"},{"type":"Digital","index":1,"capability":"AlwaysEnabled"},{"type":"Digital","index":2,"capability":"AlwaysEnabled"},{"type":"Digital","index":3,"capability":"AlwaysEnabled"},{"type":"Digital","index":4,"capability":"AlwaysEnabled"},{"type":"Digital","index":5,"capability":"AlwaysEnabled"},{"type":"Digital","index":6,"capability":"AlwaysEnabled"},{"type":"Digital","index":7,"capability":"AlwaysEnabled"}],"sampleRateOptions":[{"digital":24000000},{"digital":16000000},{"digital":12000000},{"digital":8000000},{"digital":4000000},{"digital":2000000},{"digital":1000000},{"digital":500000},{"digital":250000},{"digital":200000},{"digital":100000},{"digital":50000},{"digital":25000}],"isPhysicalDevice":true},"settings":{"enabledChannels":[{"type":"Digital","index":0},{"type":"Digital","index":1},{"type":"Digital","index":2},{"type":"Digital","index":3},{"type":"Digital","index":4},{"type":"Digital","index":5},{"type":"Digital","index":6},{"type":"Digital","index":7}],"sampleRate":{"digital":16000000}}}},"digitalTriggerTime":-1,"name":"Session 0","dataTable":{"columns":{"analyzerIdentifier":{"isActive":true,"width":18,"isDefault":true,"baseKey":"analyzerIdentifier","excludeFromSearch":true},"frameType":{"isActive":true,"width":75,"isDefault":true,"baseKey":"frameType","excludeFromSearch":true,"isHidden":false},"start":{"isActive":true,"width":110,"isDefault":true,"baseKey":"start","excludeFromSearch":true},"duration":{"isActive":true,"width":80,"isDefault":true,"baseKey":"duration","excludeFromSearch":true},"data_data":{"width":75,"baseKey":"data","isActive":false,"excludeFromSearch":false,"isHidden":false},"data_ack":{"width":75,"baseKey":"ack","isActive":false,"excludeFromSearch":true},"data_address":{"width":75,"baseKey":"address","isActive":false,"excludeFromSearch":true},"data_read":{"width":75,"baseKey":"read","isActive":false},"data_mosi":{"width":75,"baseKey":"mosi","isActive":false},"data_miso":{"width":75,"baseKey":"miso","isActive":false},"data_error":{"width":75,"baseKey":"error","isActive":false}}},"analyzerTrigger":{"settings":{"enabled":false,"searchQuery":"","holdoffSeconds":0.2}},"timeManager":{"t0":{"type":"startOfCapture"}},"captureNotes":""},"binData":[{"category":"legacy","type":"Digital","deviceChannel":0,"file":"./digital-0.bin"},{"category":"legacy","type":"Digital","deviceChannel":1,"file":"./digital-1.bin"},{"category":"legacy","type":"Digital","deviceChannel":2,"file":"./digital-2.bin"},{"category":"legacy","type":"Digital","deviceChannel":3,"file":"./digital-3.bin"},{"category":"legacy","type":"Digital","deviceChannel":4,"file":"./digital-4.bin"},{"category":"legacy","type":"Digital","deviceChannel":5,"file":"./digital-5.bin"},{"category":"legacy","type":"Digital","deviceChannel":6,"file":"./digital-6.bin"},{"category":"legacy","type":"Digital","deviceChannel":7,"file":"./digital-7.bin"}]}